Workbook

Sheet Prosjektoversikt
B2: Prosjektoversikt
B3: Implementeringsprosjekt P360
B6: Prosjektnavn | C6: KUNDENAVN Implementering P360 | F6: Prosjektets identifiserte risiko | Q6: Påvirkning
B7: Kunde | C7: KUNDENAVN | F7: ID | G7: Risikobeskrivelse | H7: Konsekvens | I7: Tiltak | J7: Ansvarlig | K7: Kategori | L7: Sannsynlighet | M7: Påvirkning | N7: Risikonivå | P7: Kategorier | Q7: Ubetydelig | R7: Mindre alvorlig | S7: Alvorlig | T7: Kritisk | U7: Katastrofe
B8: Antatt varighet (mnd) | C8: 1 | F8: =ROW() - ROW($F$9) + 1 -> 0 | G8: Det er for høye forventninger knyttet til konfigurasjonsmuligheter | H8: Økt frustrasjon og uenighet mellom partene, økte kostnader og potensielt forsinkelse i prosjektet | I8: Konfigurasjonspakker er lagt inn som opsjon | J8: Rådgiver | K8: Leveranse | L8: Meget sannsynlig | M8: Kritisk | N8: =IFERROR(INDEX($Q$8:$U$12,MATCH(L8,$P$8:$P$12,0),MATCH(M8,$Q$7:$U$7,0)),"") -> Høy | O8: Sannsynlighet | P8: Svært sannsynlig | Q8: Medium | R8: Medium | S8: Høy | T8: Høy | U8: Høy
F9: =ROW() - ROW($F$9) + 1 -> 1 | N9: =IFERROR(INDEX($Q$8:$U$12,MATCH(L9,$P$8:$P$12,0),MATCH(M9,$Q$7:$U$7,0)),"") | P9: Meget sannsynlig | Q9: Lav | R9: Medium | S9: Medium | T9: Høy | U9: Høy
B10: Tidsbudsjett (Overordnet) | F10: =ROW() - ROW($F$9) + 1 -> 2 | N10: =IFERROR(INDEX($Q$8:$U$12,MATCH(L10,$P$8:$P$12,0),MATCH(M10,$Q$7:$U$7,0)),"") | P10: Sannsynlig | Q10: Lav | R10: Medium | S10: Medium | T10: Medium | U10: Høy
B11: Kategori | C11: Timer | D11: Kommentar | F11: =ROW() - ROW($F$9) + 1 -> 3 | N11: =IFERROR(INDEX($Q$8:$U$12,MATCH(L11,$P$8:$P$12,0),MATCH(M11,$Q$7:$U$7,0)),"") | P11: Lite sannsynlig | Q11: Lav | R11: Lav | S11: Medium | T11: Medium | U11: Medium
B12: Konsulenttid | C12: =SUM(C24:C33) -> 378 | F12: =ROW() - ROW($F$9) + 1 -> 4 | N12: =IFERROR(INDEX($Q$8:$U$12,MATCH(L12,$P$8:$P$12,0),MATCH(M12,$Q$7:$U$7,0)),"") | P12: Svært lite sannsynlig | Q12: Lav | R12: Lav | S12: Lav | T12: Lav | U12: Medium
B13: Prosjektledelse | C13: 70 | D13: 0.2 | F13: =ROW() - ROW($F$9) + 1 -> 5 | N13: =IFERROR(INDEX($Q$8:$U$12,MATCH(L13,$P$8:$P$12,0),MATCH(M13,$Q$7:$U$7,0)),"")
B14: Migrering | C14: =C28 -> 0 | F14: =ROW() - ROW($F$9) + 1 -> 6 | N14: =IFERROR(INDEX($Q$8:$U$12,MATCH(L14,$P$8:$P$12,0),MATCH(M14,$Q$7:$U$7,0)),"") | Q14: Påvirkning
B15: Statusmøter (internt) | C15: 3 | D15: Kan justeres | F15: =ROW() - ROW($F$9) + 1 -> 7 | N15: =IFERROR(INDEX($Q$8:$U$12,MATCH(L15,$P$8:$P$12,0),MATCH(M15,$Q$7:$U$7,0)),"") | P15: Antall | Q15: Ubetydelig | R15: Mindre alvorlig | S15: Alvorlig | T15: Kritisk | U15: Katastrofe
B16: Statusmøter (eksternt) | D16: Kan justeres | F16: =ROW() - ROW($F$9) + 1 -> 8 | N16: =IFERROR(INDEX($Q$8:$U$12,MATCH(L16,$P$8:$P$12,0),MATCH(M16,$Q$7:$U$7,0)),"") | O16: Sannsynlighet | P16: Svært sannsynlig | Q16: =IF(COUNTIFS($L$8:$L$31,$P8,$M$8:$M$31,$Q$7)=0,"",COUNTIFS($L$8:$L$31,$P8,$M$8:$M$31,$Q$7)) | R16: =IF(COUNTIFS($L$8:$L$31,$P8,$M$8:$M$31,$R$7)=0,"",COUNTIFS($L$8:$L$31,$P8,$M$8:$M$31,$R$7)) | S16: =IF(COUNTIFS($L$8:$L$31,P8,$M$8:$M$31,$S$7)=0,"",COUNTIFS($L$8:$L$31,P8,$M$8:$M$31,$S$7)) | T16: =IF(COUNTIFS($L$8:$L$31,P8,$M$8:$M$31,$T$7)=0,"",COUNTIFS($L$8:$L$31,P8,$M$8:$M$31,$T$7)) | U16: =IF(COUNTIFS($L$8:$L$31,P8,$M$8:$M$31,$U$7)=0,"",COUNTIFS($L$8:$L$31,P8,$M$8:$M$31,$U$7))
B17: Budsjett u/risikopåslag | C17: =SUM(C12:C16) -> 451 | F17: =ROW() - ROW($F$9) + 1 -> 9 | N17: =IFERROR(INDEX($Q$8:$U$12,MATCH(L17,$P$8:$P$12,0),MATCH(M17,$Q$7:$U$7,0)),"") | P17: Meget sannsynlig | Q17: =IF(COUNTIFS($L$8:$L$31,$P9,$M$8:$M$31,$Q$7)=0,"",COUNTIFS($L$8:$L$31,$P9,$M$8:$M$31,$Q$7)) | R17: =IF(COUNTIFS($L$8:$L$31,$P9,$M$8:$M$31,$R$7)=0,"",COUNTIFS($L$8:$L$31,$P9,$M$8:$M$31,$R$7)) | S17: =IF(COUNTIFS($L$8:$L$31,P9,$M$8:$M$31,$S$7)=0,"",COUNTIFS($L$8:$L$31,P9,$M$8:$M$31,$S$7)) | T17: =IF(COUNTIFS($L$8:$L$31,P9,$M$8:$M$31,$T$7)=0,"",COUNTIFS($L$8:$L$31,P9,$M$8:$M$31,$T$7)) -> 1 | U17: =IF(COUNTIFS($L$8:$L$31,P9,$M$8:$M$31,$U$7)=0,"",COUNTIFS($L$8:$L$31,P9,$M$8:$M$31,$U$7))
B18: Risikopåslag | C18: 0.1 | F18: =ROW() - ROW($F$9) + 1 -> 10 | N18: =IFERROR(INDEX($Q$8:$U$12,MATCH(L18,$P$8:$P$12,0),MATCH(M18,$Q$7:$U$7,0)),"") | P18: Sannsynlig | Q18: =IF(COUNTIFS($L$8:$L$31,$P10,$M$8:$M$31,$Q$7)=0,"",COUNTIFS($L$8:$L$31,$P10,$M$8:$M$31,$Q$7)) | R18: =IF(COUNTIFS($L$8:$L$31,$P10,$M$8:$M$31,$R$7)=0,"",COUNTIFS($L$8:$L$31,$P10,$M$8:$M$31,$R$7)) | S18: =IF(COUNTIFS($L$8:$L$31,P10,$M$8:$M$31,$S$7)=0,"",COUNTIFS($L$8:$L$31,P10,$M$8:$M$31,$S$7)) | T18: =IF(COUNTIFS($L$8:$L$31,P10,$M$8:$M$31,$T$7)=0,"",COUNTIFS($L$8:$L$31,P10,$M$8:$M$31,$T$7)) | U18: =IF(COUNTIFS($L$8:$L$31,P10,$M$8:$M$31,$U$7)=0,"",COUNTIFS($L$8:$L$31,P10,$M$8:$M$31,$U$7))
B19: Budsjett m/risikopåslag | C19: =(C12+C13+C14)*(1+C18) -> 492.8 | D19: Påslag kun på konsulenttid, PL og migrering | F19: =ROW() - ROW($F$9) + 1 -> 11 | N19: =IFERROR(INDEX($Q$8:$U$12,MATCH(L19,$P$8:$P$12,0),MATCH(M19,$Q$7:$U$7,0)),"") | P19: Lite sannsynlig | Q19: =IF(COUNTIFS($L$8:$L$31,$P11,$M$8:$M$31,$Q$7)=0,"",COUNTIFS($L$8:$L$31,$P11,$M$8:$M$31,$Q$7)) | R19: =IF(COUNTIFS($L$8:$L$31,$P11,$M$8:$M$31,$R$7)=0,"",COUNTIFS($L$8:$L$31,$P11,$M$8:$M$31,$R$7)) | S19: =IF(COUNTIFS($L$8:$L$31,P11,$M$8:$M$31,$S$7)=0,"",COUNTIFS($L$8:$L$31,P11,$M$8:$M$31,$S$7)) | T19: =IF(COUNTIFS($L$8:$L$31,P11,$M$8:$M$31,$T$7)=0,"",COUNTIFS($L$8:$L$31,P11,$M$8:$M$31,$T$7)) | U19: =IF(COUNTIFS($L$8:$L$31,P11,$M$8:$M$31,$U$7)=0,"",COUNTIFS($L$8:$L$31,P11,$M$8:$M$31,$U$7))
F20: =ROW() - ROW($F$9) + 1 -> 12 | N20: =IFERROR(INDEX($Q$8:$U$12,MATCH(L20,$P$8:$P$12,0),MATCH(M20,$Q$7:$U$7,0)),"") | P20: Svært lite sannsynlig | Q20: =IF(COUNTIFS($L$8:$L$31,$P12,$M$8:$M$31,$Q$7)=0,"",COUNTIFS($L$8:$L$31,$P12,$M$8:$M$31,$Q$7)) | R20: =IF(COUNTIFS($L$8:$L$31,P12,$M$8:$M$31,$R$7)=0,"",COUNTIFS($L$8:$L$31,P12,$M$8:$M$31,$R$7)) | S20: =IF(COUNTIFS($L$8:$L$31,P12,$M$8:$M$31,$S$7)=0,"",COUNTIFS($L$8:$L$31,P12,$M$8:$M$31,$S$7)) | T20: =IF(COUNTIFS($L$8:$L$31,P12,$M$8:$M$31,$T$7)=0,"",COUNTIFS($L$8:$L$31,P12,$M$8:$M$31,$T$7)) | U20: =IF(COUNTIFS($L$8:$L$31,P12,$M$8:$M$31,$U$7)=0,"",COUNTIFS($L$8:$L$31,P12,$M$8:$M$31,$U$7))
B21: Tidsbudsjett (Etter kategori) | F21: =ROW() - ROW($F$9) + 1 -> 13 | N21: =IFERROR(INDEX($Q$8:$U$12,MATCH(L21,$P$8:$P$12,0),MATCH(M21,$Q$7:$U$7,0)),"")
B22: Kategori | C22: Timer | D22: Kommentar | F22: =ROW() - ROW($F$9) + 1 -> 14 | N22: =IFERROR(INDEX($Q$8:$U$12,MATCH(L22,$P$8:$P$12,0),MATCH(M22,$Q$7:$U$7,0)),"")
B23: {='Datavalidering (skjules)'!B14:B24} -> Prosjektledelse | C23: 70 | D23: Kan justeres. Obs! PL-tiden er ikke satt, så sett individuell tid på dette enn så lenge. Se tabellen over | F23: =ROW() - ROW($F$9) + 1 -> 15 | N23: =IFERROR(INDEX($Q$8:$U$12,MATCH(L23,$P$8:$P$12,0),MATCH(M23,$Q$7:$U$7,0)),"")
B24: Analysering | C24: =SUMIF(Fremdriftsplan!$H$1:$H$1542,B24,Fremdriftsplan!$F$1:$F$1542) -> 3.5 | F24: =ROW() - ROW($F$9) + 1 -> 16 | N24: =IFERROR(INDEX($Q$8:$U$12,MATCH(L24,$P$8:$P$12,0),MATCH(M24,$Q$7:$U$7,0)),"")
B25: Dokumentering og spesifisering | C25: =SUMIF(Fremdriftsplan!$H$1:$H$1542,B25,Fremdriftsplan!$F$1:$F$1542) -> 13 | F25: =ROW() - ROW($F$9) + 1 -> 17 | N25: =IFERROR(INDEX($Q$8:$U$12,MATCH(L25,$P$8:$P$12,0),MATCH(M25,$Q$7:$U$7,0)),"")
B26: Utvikling | C26: =SUMIF(Fremdriftsplan!$H$1:$H$1542,B26,Fremdriftsplan!$F$1:$F$1542) -> 0 | F26: =ROW() - ROW($F$9) + 1 -> 18 | N26: =IFERROR(INDEX($Q$8:$U$12,MATCH(L26,$P$8:$P$12,0),MATCH(M26,$Q$7:$U$7,0)),"")
B27: Implementering | C27: =SUMIF(Fremdriftsplan!$H$1:$H$1542,B27,Fremdriftsplan!$F$1:$F$1542) -> 20.5 | F27: =ROW() - ROW($F$9) + 1 -> 19 | N27: =IFERROR(INDEX($Q$8:$U$12,MATCH(L27,$P$8:$P$12,0),MATCH(M27,$Q$7:$U$7,0)),"")
B28: Migrering | C28: =SUMIF(Fremdriftsplan!$H$1:$H$1542,B28,Fremdriftsplan!$F$1:$F$1542) -> 0 | F28: =ROW() - ROW($F$9) + 1 -> 20 | N28: =IFERROR(INDEX($Q$8:$U$12,MATCH(L28,$P$8:$P$12,0),MATCH(M28,$Q$7:$U$7,0)),"")
B29: Installering | C29: =SUMIF(Fremdriftsplan!$H$1:$H$1542,Prosjektoversikt!B29,Fremdriftsplan!$F$1:$F$1542) -> 227 | F29: =ROW() - ROW($F$9) + 1 -> 21 | N29: =IFERROR(INDEX($Q$8:$U$12,MATCH(L29,$P$8:$P$12,0),MATCH(M29,$Q$7:$U$7,0)),"")
B30: Testing | C30: =SUMIF(Fremdriftsplan!$H$1:$H$1542,B30,Fremdriftsplan!$F$1:$F$1542) -> 30.5 | F30: =ROW() - ROW($F$9) + 1 -> 22 | N30: =IFERROR(INDEX($Q$8:$U$12,MATCH(L30,$P$8:$P$12,0),MATCH(M30,$Q$7:$U$7,0)),"")
B31: Rådgivning | C31: =SUMIF(Fremdriftsplan!$H$1:$H$1542,B31,Fremdriftsplan!$F$1:$F$1542) -> 0 | F31: =ROW() - ROW($F$9) + 1 -> 23 | N31: =IFERROR(INDEX($Q$8:$U$12,MATCH(L31,$P$8:$P$12,0),MATCH(M31,$Q$7:$U$7,0)),"")
B32: Opplæring | C32: =SUMIF(Fremdriftsplan!$H$1:$H$1542,B32,Fremdriftsplan!$F$1:$F$1542) -> 42 | F32: =ROW() - ROW($F$9) + 1 -> 24
B33: Generelle møter | C33: =SUMIF(Fremdriftsplan!$H$1:$H$1542,B33,Fremdriftsplan!$F$1:$F$1542) -> 41.5 | D33: Statusmøter er ekstra
B34: Budsjett u/risikopåslag | C34: =SUM(C24:C27,C29:C33) -> 378

Sheet Fremdriftsplan
A1: Fremdriftsplan Implementeringsprosjekt Public 360⁰
B2: Aktiviteter | C2: Min (timer) | D2: Max (timer) | E2: Antall miljøer | F2: Budsjett (timer) | G2: Risikonivå | H2: Kategori | I2: Ansvar (RACI) | J2: Ansvarlig person | K2: Andre deltakere | L2: Start | M2: Slutt | N2: Varighet | O2: Tidspunkt | P2: Fullført | Q2: Aktivitetsbeskrivelse
A3: MP0 | B3: =_xlfn.XLOOKUP(A3,Milepæler!$B$5:$B$13,Milepæler!$C$5:$C$13,) -> Kontrakten er signert | L3: Uke 47
A4: FASE 1 | B4: FORBEREDELSE OG ORGANISERING
A5: MP1 | B5: =_xlfn.XLOOKUP(A5,Milepæler!$B$5:$B$30,Milepæler!$C$5:$C$30,) -> Prosjektet er igangsatt
B6: Forberedelser og organisering av leveranse og ressurser | C6: 10 | D6: 10 | E6: 1 | F6: =IFERROR(AVERAGE(C6:D6)*_xlfn.XLOOKUP(E6,'Datavalidering (skjules)'!$I$7:$I$12,'Datavalidering (skjules)'!$J$7:$J$12),"") -> 10 | G6: Lav | H6: Prosjektledelse | I6: Leverandør (R), Kunde (R) | K6: Kundens prosjektgruppe | L6: Uke 47 | P6: 0 | Q6: Booking av ressurser, interne forberedelser
B7: Kunde innhenter teknisk informasjon (Velkomstbrev) | E7: 1 | F7: =IFERROR(AVERAGE(C7:D7)*_xlfn.XLOOKUP(E7,'Datavalidering (skjules)'!$I$7:$I$12,'Datavalidering (skjules)'!$J$7:$J$12),"") | G7: Lav | H7: Prosjektledelse | I7: Kunde (R) | K7: Kundens prosjektgruppe | L7: man 23.11.26 | M7: tir 24.11.26 | P7: 0 | Q7: Kunde får tilsendt velkomstbrev på forhånd og innhenter teknisk data
B8: Møte: Leverandørens interne oppstartsmøte | C8: 1 | D8: 6 | E8: 1 | F8: =IFERROR(AVERAGE(C8:D8)*_xlfn.XLOOKUP(E8,'Datavalidering (skjules)'!$I$7:$I$12,'Datavalidering (skjules)'!$J$7:$J$12),"") -> 3.5 | G8: Lav | H8: Generelle møter | I8: Leverandør (R) | L8: man 23.11.26 | M8: man 23.11.26 | N8: 1 time | P8: 0 | Q8: Internt oppstartsmøte for Leverandørens prosjektgruppe
B9: Møte: Felles oppstartsmøte med begge prosjektgruppene (Kick-off) | C9: 2 | D9: 6 | E9: 1 | F9: =IFERROR(AVERAGE(C9:D9)*_xlfn.XLOOKUP(E9,'Datavalidering (skjules)'!$I$7:$I$12,'Datavalidering (skjules)'!$J$7:$J$12),"") -> 4 | G9: Lav | H9: Generelle møter | I9: Leverandør (R), Kunde (I) | K9: Kundens prosjektgruppe | L9: tir 24.11.26 | M9: tir 24.11.26 | N9: 2 timer | P9: 0 | Q9: Felles oppstartsmøte for begge prosjektgruppene (Kunden og Leverandøren)
B10: Møte: Teknisk møte | C10: 1 | D10: 2 | E10: 1 | F10: =IFERROR(AVERAGE(C10:D10)*_xlfn.XLOOKUP(E10,'Datavalidering (skjules)'!$I$7:$I$12,'Datavalidering (skjules)'!$J$7:$J$12),"") -> 1.5 | G10: Medium | H10: Generelle møter | I10: Leverandør (R) | K10: Kundens IT | L10: tir 24.11.26 | M10: tir 24.11.26 | N10: 1 time | P10: 0 | Q10: Gjennomgang av tekniske krav (miljø og moduler) og velkomstbrev
B11: Fremdriftsplan oppdateres til v.1.0 | C11: 1 | D11: 1 | E11: 1 | F11: =IFERROR(AVERAGE(C11:D11)*_xlfn.XLOOKUP(E11,'Datavalidering (skjules)'!$I$7:$I$12,'Datavalidering (skjules)'!$J$7:$J$12),"") -> 1 | G11: Lav | H11: Prosjektledelse | I11: Leverandør (R), Kunde (C) | K11: Kundens prosjektleder | L11: tir 24.11.26 | M11: tir 24.11.26 | P11: 0 | Q11: Omforent fremdriftsplan oppdateres
A12: MP2 | B12: =_xlfn.XLOOKUP(A12,Milepæler!$B$5:$B$30,Milepæler!$C$5:$C$30,) -> Omforent fremdriftsplan er godkjent | L12: tir 24.11.26 | M12: tir 24.11.26
A14: FASE 2 | B14: INSTALLERING, OPPLÆRING OG SPESIFISERING
B15: Etablering av miljø m/moduler + verifisering av miljøpålogging | C15: 2 | D15: 3 | E15: 1 | F15: =IFERROR(AVERAGE(C15:D15)*_xlfn.XLOOKUP(E15,'Datavalidering (skjules)'!$I$7:$I$12,'Datavalidering (skjules)'!$J$7:$J$12),"") -> 2.5 | G15: Lav | H15: Prosjektledelse | I15: Leverandør (R) | K15: Kundens prosjektgruppe | L15: ons 25.11.26 | M15: ons 25.11.26 | N15: 1 dag | P15: 0 | Q15: Leverandøren oppretter miljø(er) iht. Avtalen og verifiserer innlogging
B16: Forbered tilkobling til AD Sync | E16: 1 | F16: =IFERROR(AVERAGE(C16:D16)*_xlfn.XLOOKUP(E16,'Datavalidering (skjules)'!$I$7:$I$12,'Datavalidering (skjules)'!$J$7:$J$12),"") | G16: Medium | H16: Installering | I16: Leverandør (R), Kunde (C) | K16: Kundens IT | L16: ons 25.11.26 | M16: ons 25.11.26 | P16: 0 | Q16: Arbeid med tilkobling av AD Sync påbegynnes
A17: MP3 | B17: =_xlfn.XLOOKUP(A17,Milepæler!$B$5:$B$30,Milepæler!$C$5:$C$30,) -> Avtalt miljø er klart for funksjonelt oppsett og verifisering
B18: Innledende møter
B19: Tema: Bli kjent med Kundens rutiner, prosesser og behov | C19: 2 | D19: 5 | E19: 1 | F19: =IFERROR(AVERAGE(C19:D19)*_xlfn.XLOOKUP(E19,'Datavalidering (skjules)'!$I$7:$I$12,'Datavalidering (skjules)'!$J$7:$J$12),"") -> 3.5 | G19: Lav | H19: Analysering | I19: Leverandør (R), Kunde (C) | K19: Kundens prosjektgruppe | L19: ons 25.11.26 | M19: ons 25.11.26 | N19: 2 timer | P19: 0 | Q19: Leverandøren blir kjent med Kundens arbeidsmetoder og prosesser, for å kunne tilpasse anbefalinger og tilbakemeldinger
B20: Opplæring av prosjektgruppe
B21: Leverandøren forbereder miljø til digital kursgjennomføring i Leverandørens kursmiljø | C21: - | D21: 2 | E21: 1 | F21: =IFERROR(AVERAGE(C21:D21)*_xlfn.XLOOKUP(E21,'Datavalidering (skjules)'!$I$7:$I$12,'Datavalidering (skjules)'!$J$7:$J$12),"") -> 2 | G21: Lav | H21: Opplæring | I21: Leverandør (R) | K21: Kundens prosjektgruppe | L21: ons 25.11.26 | M21: ons 25.11.26 | P21: 0 | Q21: Leverandøren forbereder til kursgjennomføring
B22: Kurs: Administratorkurs (3 timer) | C22: - | D22: 6 | E22: 1 | F22: =IFERROR(AVERAGE(C22:D22)*_xlfn.XLOOKUP(E22,'Datavalidering (skjules)'!$I$7:$I$12,'Datavalidering (skjules)'!$J$7:$J$12),"") -> 6 | G22: Lav | H22: Opplæring | I22: Leverandør (R), Kunde (C) | K22: Kundens prosjektgruppe | L22: tor 26.11.26 | M22: tor 26.11.26 | N22: 3 timer | P22: 0 | Q22: Gjennomgang av faglig kursinnhold og -oppgaver
B23: Kurs: Videregåendekurs (3 timer) | C23: - | D23: 6 | E23: 1 | F23: =IFERROR(AVERAGE(C23:D23)*_xlfn.XLOOKUP(E23,'Datavalidering (skjules)'!$I$7:$I$12,'Datavalidering (skjules)'!$J$7:$J$12),"") -> 6 | G23: Lav | H23: Opplæring | I23: Leverandør (R), Kunde (C) | K23: Kundens prosjektgruppe | L23: tor 26.11.26 | M23: tor 26.11.26 | N23: 3 timer | P23: 0 | Q23: Gjennomgang av faglig kursinnhold og -oppgaver
B24: Kurs: Arkivarkurs (3 timer) | C24: - | D24: 6 | E24: 1 | F24: =IFERROR(AVERAGE(C24:D24)*_xlfn.XLOOKUP(E24,'Datavalidering (skjules)'!$I$7:$I$12,'Datavalidering (skjules)'!$J$7:$J$12),"") -> 6 | G24: Lav | H24: Opplæring | I24: Leverandør (R), Kunde (C) | K24: Kundens prosjektgruppe | L24: fre 27.11.26 | M24: fre 27.11.26 | N24: 3 timer | P24: 0 | Q24: Gjennomgang av faglig kursinnhold og -oppgaver
B25: Kurs: Lederkurs (2 timer) | C25: - | D25: 4 | E25: 1 | F25: =IFERROR(AVERAGE(C25:D25)*_xlfn.XLOOKUP(E25,'Datavalidering (skjules)'!$I$7:$I$12,'Datavalidering (skjules)'!$J$7:$J$12),"") -> 4 | G25: Lav | H25: Opplæring | I25: Leverandør (R), Kunde (C) | K25: Kundens prosjektgruppe | L25: fre 27.11.26 | M25: fre 27.11.26 | N25: 2 timer | P25: 0 | Q25: Gjennomgang av faglig kursinnhold og -oppgaver
B26: Opplæring av Superbrukere
B27: Kurs: Administratorkurs (3 timer) | C27: - | D27: 6 | E27: 1 | F27: =IFERROR(AVERAGE(C27:D27)*_xlfn.XLOOKUP(E27,'Datavalidering (skjules)'!$I$7:$I$12,'Datavalidering (skjules)'!$J$7:$J$12),"") -> 6 | G27: Lav | H27: Opplæring | I27: Leverandør (R), Kunde (C) | K27: Kundens superbrukere | N27: 3 timer | P27: 0 | Q27: Gjennomgang av faglig kursinnhold og -oppgaver
B28: Kurs: Videregåendekurs (3 timer) | C28: - | D28: 6 | E28: 1 | F28: =IFERROR(AVERAGE(C28:D28)*_xlfn.XLOOKUP(E28,'Datavalidering (skjules)'!$I$7:$I$12,'Datavalidering (skjules)'!$J$7:$J$12),"") -> 6 | G28: Lav | H28: Opplæring | I28: Leverandør (R), Kunde (C) | K28: Kundens superbrukere | N28: 3 timer | P28: 0 | Q28: Gjennomgang av faglig kursinnhold og -oppgaver
B29: Kurs: Arkivarkurs (3 timer) | C29: - | D29: 6 | E29: 1 | F29: =IFERROR(AVERAGE(C29:D29)*_xlfn.XLOOKUP(E29,'Datavalidering (skjules)'!$I$7:$I$12,'Datavalidering (skjules)'!$J$7:$J$12),"") -> 6 | G29: Lav | H29: Opplæring | I29: Leverandør (R), Kunde (C) | K29: Kundens superbrukere | N29: 3 timer | P29: 0 | Q29: Gjennomgang av faglig kursinnhold og -oppgaver
B30: Generelle arbeidsmøter og opplæring
B31: Tema: Gjennomgang av konfigurasjonsdokument - Basispakke | C31: 8 | D31: 8 | E31: 1 | F31: =IFERROR(AVERAGE(C31:D31)*_xlfn.XLOOKUP(E31,'Datavalidering (skjules)'!$I$7:$I$12,'Datavalidering (skjules)'!$J$7:$J$12),"") -> 8 | G31: Medium | H31: Dokumentering og spesifisering | I31: Leverandør (R), Kunde (C) | K31: Kundens prosjektgruppe | L31: man 30.11.26 | M31: man 30.11.26 | N31: 1 time | P31: 0 | Q31: Kunden bør ha gjennomført administrator- og arkivarkurs først
B32: Tema: Gjennomgang API'er m/tredjepartsleverandør ift. Kundespesifikke integrasjoner | C32: 1 | D32: 4 | E32: 1 | F32: =IFERROR(AVERAGE(C32:D32)*_xlfn.XLOOKUP(E32,'Datavalidering (skjules)'!$I$7:$I$12,'Datavalidering (skjules)'!$J$7:$J$12),"") -> 2.5 | G32: Lav | H32: Generelle møter | I32: Leverandør (R), Kunde (C) | K32: Kundens prosjektgruppe | L32: man 30.11.26 | M32: man 30.11.26 | N32: 1 time | P32: 0 | Q32: Veiledning i hvordan Kunden kan opprette endepunkter, samt gjennomgang med tredjepart og Kunde for å identifisere nødvendige API'er
B33: Tema: Opplæring Flow | C33: 30 | D33: 30 | E33: 1 | G33: Lav | H33: Generelle møter | I33: Leverandør (R), Kunde (C) | K33: Kundens prosjektgruppe | L33: tir 01.12.26 | M33: tir 01.12.26 | N33: 1 time | P33: 0 | Q33: Veiledning i hvordan Kunden kan opprette endepunkter, samt gjennomgang med tredjepart og Kunde for å identifisere nødvendige API'er
B34: Tema: Opplæring Collect | C34: 30 | D34: 30 | E34: 1 | F34: 30 | G34: Lav | H34: Generelle møter | I34: Leverandør (R), Kunde (C) | K34: Kundens prosjektgruppe | L34: ons 02.12.26 | M34: ons 02.12.26 | N34: 1 time | P34: 0 | Q34: Veiledning i hvordan Kunden kan opprette endepunkter, samt gjennomgang med tredjepart og Kunde for å identifisere nødvendige API'er
B35: BASIC
B36: AD Sync | C36: 6 | D36: 24 | E36: 1 | F36: =IFERROR(AVERAGE(C36:D36)*_xlfn.XLOOKUP(E36,'Datavalidering (skjules)'!$I$7:$I$12,'Datavalidering (skjules)'!$J$7:$J$12),"") -> 15 | G36: Medium | H36: Installering | I36: Leverandør (R), Kunde (C) | K36: Kundens prosjektgruppe | L36: tors 03.12.26 | M36: tir 08.12.26 | P36: 0 | Q36: Arbeidsmøter for oppsett av modul avtales fortløpende. Kunden er selv ansvarlig for å signere evt. avtaler med tredjepart
A37: x | B37: Format Converter | C37: 2 | D37: 6 | E37: 1 | F37: =IFERROR(AVERAGE(C37:D37)*_xlfn.XLOOKUP(E37,'Datavalidering (skjules)'!$I$7:$I$12,'Datavalidering (skjules)'!$J$7:$J$12),"") -> 4 | G37: Lav | H37: Installering | I37: Leverandør (R), Kunde (C) | K37: Kundens prosjektgruppe | L37: tors 03.12.26 | M37: tir 08.12.26 | P37: 0 | Q37: Arbeidsmøter for oppsett av modul avtales fortløpende. Kunden er selv ansvarlig for å signere evt. avtaler med tredjepart
A38: x | B38: Archive Format Validator | C38: 2 | D38: 6 | E38: 1 | F38: =IFERROR(AVERAGE(C38:D38)*_xlfn.XLOOKUP(E38,'Datavalidering (skjules)'!$I$7:$I$12,'Datavalidering (skjules)'!$J$7:$J$12),"") -> 4 | G38: Lav | H38: Installering | I38: Leverandør (R), Kunde (C) | K38: Kundens prosjektgruppe | L38: tors 03.12.26 | M38: tir 08.12.26 | P38: 0 | Q38: Arbeidsmøter for oppsett av modul avtales fortløpende. Kunden er selv ansvarlig for å signere evt. avtaler med tredjepart
B39: DIGITAL COMMUNICATION
A40: x | B40: Dispatch Adapter: DPI | C40: 2 | D40: 6 | E40: 1 | G40: Medium | H40: Installering | I40: Leverandør (R), Kunde (C) | K40: Kundens prosjektgruppe | L40: tors 03.12.26 | M40: tir 08.12.26 | P40: 0 | Q40: Arbeidsmøter for oppsett av modul avtales fortløpende. Kunden er selv ansvarlig for å signere evt. avtaler med tredjepart
A41: x | B41: Dispatch Adapter: eFormidling | C41: 12 | D41: 24 | E41: 1 | G41: Medium | H41: Installering | I41: Leverandør (R), Kunde (C) | K41: Kundens prosjektgruppe | L41: tors 03.12.26 | M41: tir 08.12.26 | P41: 0 | Q41: Arbeidsmøter for oppsett av modul avtales fortløpende. Kunden er selv ansvarlig for å signere evt. avtaler med tredjepart
B42: CENTRAL REGISTRIES
A43: x | B43: Integration: Folkeregisteret (Infotorg eller KS Fiks) | C43: 4 | D43: 10 | E43: 1 | G43: Lav | H43: Installering | I43: Leverandør (R), Kunde (C) | K43: Kundens prosjektgruppe | L43: tors 03.12.26 | M43: tir 08.12.26 | P43: 0 | Q43: Arbeidsmøter for oppsett av modul avtales fortløpende. Kunden er selv ansvarlig for å signere evt. avtaler med tredjepart
A44: x | B44: Integration: Folkeregisteret Update | C44: 2 | D44: 4 | E44: 1 | G44: Lav | H44: Installering | I44: Leverandør (R), Kunde (C) | K44: Kundens prosjektgruppe | L44: tors 03.12.26 | M44: tir 08.12.26 | P44: 0 | Q44: Arbeidsmøter for oppsett av modul avtales fortløpende. Kunden er selv ansvarlig for å signere evt. avtaler med tredjepart
B45: Integration: Enhetsregisteret | C45: 4 | D45: 10 | E45: 1 | F45: =IFERROR(AVERAGE(C45:D45)*_xlfn.XLOOKUP(E45,'Datavalidering (skjules)'!$I$7:$I$12,'Datavalidering (skjules)'!$J$7:$J$12),"") -> 7 | G45: Lav | H45: Installering | I45: Leverandør (R), Kunde (C) | K45: Kundens prosjektgruppe | L45: tors 03.12.26 | M45: tir 08.12.26 | P45: 0 | Q45: Arbeidsmøter for oppsett av modul avtales fortløpende. Kunden er selv ansvarlig for å signere evt. avtaler med tredjepart
B46: Integration: Enhetsregisteret Update | C46: 2 | D46: 4 | E46: 1 | F46: =IFERROR(AVERAGE(C46:D46)*_xlfn.XLOOKUP(E46,'Datavalidering (skjules)'!$I$7:$I$12,'Datavalidering (skjules)'!$J$7:$J$12),"") -> 3 | G46: Lav | H46: Installering | I46: Leverandør (R), Kunde (C) | K46: Kundens prosjektgruppe | L46: tors 03.12.26 | M46: tir 08.12.26 | P46: 0 | Q46: Arbeidsmøter for oppsett av modul avtales fortløpende. Kunden er selv ansvarlig for å signere evt. avtaler med tredjepart
B47: TRANSPARENCY
A48: x | B48: Information Act Request | C48: 20 | D48: 24 | E48: 1 | G48: Lav | H48: Installering | I48: Leverandør (R), Kunde (C) | K48: Kundens prosjektgruppe | L48: tors 03.12.26 | M48: tir 08.12.26 | P48: 0 | Q48: Arbeidsmøter for oppsett av modul avtales fortløpende. Kunden er selv ansvarlig for å signere evt. avtaler med tredjepart
A49: x | B49: eInnsyn Export | C49: 4 | D49: 4 | E49: 1 | G49: Lav | H49: Installering | I49: Leverandør (R), Kunde (C) | K49: Kundens prosjektgruppe | L49: tors 03.12.26 | M49: tir 08.12.26 | P49: 0 | Q49: Arbeidsmøter for oppsett av modul avtales fortløpende. Kunden er selv ansvarlig for å signere evt. avtaler med tredjepart
A50: x | B50: FileViewer | C50: 4 | D50: 4 | E50: 1 | F50: =IFERROR(AVERAGE(C50:D50)*_xlfn.XLOOKUP(E50,'Datavalidering (skjules)'!$I$7:$I$12,'Datavalidering (skjules)'!$J$7:$J$12),"") -> 4 | G50: Lav | H50: Installering | I50: Leverandør (R), Kunde (C) | K50: Kundens prosjektgruppe | L50: tors 03.12.26 | M50: tir 08.12.26 | P50: 0 | Q50: Arbeidsmøter for oppsett av modul avtales fortløpende. Kunden er selv ansvarlig for å signere evt. avtaler med tredjepart
B51: DOCUMENT MANAGEMENT
B52: Policy Documents | C52: 10 | D52: 18 | E52: 1 | F52: =IFERROR(AVERAGE(C52:D52)*_xlfn.XLOOKUP(E52,'Datavalidering (skjules)'!$I$7:$I$12,'Datavalidering (skjules)'!$J$7:$J$12),"") -> 14 | G52: Lav | H52: Installering | I52: Leverandør (R), Kunde (C) | K52: Kundens prosjektgruppe | L52: tors 03.12.26 | M52: tir 08.12.26 | P52: 0 | Q52: Arbeidsmøter for oppsett av modul avtales fortløpende. Kunden er selv ansvarlig for å signere evt. avtaler med tredjepart
B53: INTELLIGENT PRODUCTIVITY PLATFORM
B54: Archive Inspector | C54: 30 | D54: 30 | E54: 1 | F54: =IFERROR(AVERAGE(C54:D54)*_xlfn.XLOOKUP(E54,'Datavalidering (skjules)'!$I$7:$I$12,'Datavalidering (skjules)'!$J$7:$J$12),"") -> 30 | G54: Medium | H54: Installering | I54: Leverandør (R), Kunde (C) | K54: Kundens prosjektgruppe | L54: tors 03.12.26 | M54: tir 08.12.26 | P54: 0 | Q54: Arbeidsmøter for oppsett av modul avtales fortløpende. Kunden er selv ansvarlig for å signere evt. avtaler med tredjepart
B55: Mimir | C55: 4 | D55: 4 | E55: 1 | F55: =IFERROR(AVERAGE(C55:D55)*_xlfn.XLOOKUP(E55,'Datavalidering (skjules)'!$I$7:$I$12,'Datavalidering (skjules)'!$J$7:$J$12),"") -> 4 | G55: Lav | H55: Installering | I55: Leverandør (R), Kunde (C) | K55: Kundens prosjektgruppe | L55: tors 03.12.26 | M55: tir 08.12.26 | P55: 0 | Q55: Arbeidsmøter for oppsett av modul avtales fortløpende. Kunden er selv ansvarlig for å signere evt. avtaler med tredjepart
B56: PROCESS LIBRARY (ARCHIVING BY DESIGN)
B57: AutoSaver | C57: 4 | D57: 4 | E57: 1 | F57: =IFERROR(AVERAGE(C57:D57)*_xlfn.XLOOKUP(E57,'Datavalidering (skjules)'!$I$7:$I$12,'Datavalidering (skjules)'!$J$7:$J$12),"") -> 4 | G57: Medium | H57: Installering | I57: Leverandør (R), Kunde (C) | K57: Kundens prosjektgruppe | L57: tors 03.12.26 | M57: tir 08.12.26 | P57: 0 | Q57: Arbeidsmøter for oppsett av modul avtales fortløpende. Kunden er selv ansvarlig for å signere evt. avtaler med tredjepart
B58: Integration: Webcruiter | C58: 8 | D58: 16 | E58: 1 | F58: =IFERROR(AVERAGE(C58:D58)*_xlfn.XLOOKUP(E58,'Datavalidering (skjules)'!$I$7:$I$12,'Datavalidering (skjules)'!$J$7:$J$12),"") -> 12 | G58: Medium | H58: Installering | I58: Leverandør (R), Kunde (C) | K58: Kundens prosjektgruppe | L58: tors 03.12.26 | M58: tir 08.12.26 | P58: 0 | Q58: Arbeidsmøter for oppsett av modul avtales fortløpende. Kunden er selv ansvarlig for å signere evt. avtaler med tredjepart
B59: COLLABORATION IN MS365
B60: Integration: MS Teams | C60: 10 | D60: 14 | E60: 1 | F60: =IFERROR(AVERAGE(C60:D60)*_xlfn.XLOOKUP(E60,'Datavalidering (skjules)'!$I$7:$I$12,'Datavalidering (skjules)'!$J$7:$J$12),"") -> 12 | G60: Lav | H60: Installering | I60: Leverandør (R), Kunde (C) | K60: Kundens prosjektgruppe | L60: tors 03.12.26 | M60: tir 08.12.26 | P60: 0 | Q60: Arbeidsmøter for oppsett av modul avtales fortløpende. Kunden er selv ansvarlig for å signere evt. avtaler med tredjepart
A61: x | B61: Integration: MS Office Apps | C61: 10 | D61: 14 | E61: 1 | F61: =IFERROR(AVERAGE(C61:D61)*_xlfn.XLOOKUP(E61,'Datavalidering (skjules)'!$I$7:$I$12,'Datavalidering (skjules)'!$J$7:$J$12),"") -> 12 | G61: Medium | H61: Installering | I61: Leverandør (R), Kunde (C) | K61: Kundens prosjektgruppe | L61: tors 03.12.26 | M61: tir 08.12.26 | P61: 0 | Q61: Arbeidsmøter for oppsett av modul avtales fortløpende. Kunden er selv ansvarlig for å signere evt. avtaler med tredjepart
B62: Integration: Sharepoint | C62: 12 | D62: 16 | E62: 1 | F62: =IFERROR(AVERAGE(C62:D62)*_xlfn.XLOOKUP(E62,'Datavalidering (skjules)'!$I$7:$I$12,'Datavalidering (skjules)'!$J$7:$J$12),"") -> 14 | G62: Lav | H62: Installering | I62: Leverandør (R), Kunde (C) | K62: Kundens prosjektgruppe | L62: tors 03.12.26 | M62: tir 08.12.26 | P62: 0 | Q62: Arbeidsmøter for oppsett av modul avtales fortløpende. Kunden er selv ansvarlig for å signere evt. avtaler med tredjepart
B63: FILE MANAGEMENT
A64: x | B64: eSigning Connect | C64: 6 | D64: 8 | E64: 1 | G64: Lav | H64: Installering | I64: Leverandør (R), Kunde (C) | K64: Kundens prosjektgruppe | L64: tors 03.12.26 | M64: tir 08.12.26 | P64: 0 | Q64: Arbeidsmøter for oppsett av modul avtales fortløpende. Kunden er selv ansvarlig for å signere evt. avtaler med tredjepart
B65: ADDITIONAL
B66: Restricted Mode | C66: 22 | D66: 26 | E66: 1 | F66: =IFERROR(AVERAGE(C66:D66)*_xlfn.XLOOKUP(E66,'Datavalidering (skjules)'!$I$7:$I$12,'Datavalidering (skjules)'!$J$7:$J$12),"") -> 24 | G66: Lav | H66: Installering | I66: Leverandør (R), Kunde (C) | K66: Kundens prosjektgruppe | L66: tors 03.12.26 | M66: tir 08.12.26 | P66: 0 | Q66: Arbeidsmøter for oppsett av modul avtales fortløpende. Kunden er selv ansvarlig for å signere evt. avtaler med tredjepart
B67: Search Assistant | C67: 2 | D67: 6 | E67: 1 | F67: =IFERROR(AVERAGE(C67:D67)*_xlfn.XLOOKUP(E67,'Datavalidering (skjules)'!$I$7:$I$12,'Datavalidering (skjules)'!$J$7:$J$12),"") -> 4 | G67: Lav | H67: Installering | I67: Leverandør (R), Kunde (C) | K67: Kundens prosjektgruppe | L67: tors 03.12.26 | M67: tir 08.12.26 | P67: 0 | Q67: Arbeidsmøter for oppsett av modul avtales fortløpende. Kunden er selv ansvarlig for å signere evt. avtaler med tredjepart
B68: Managament Reporting API | E68: 1 | F68: =IFERROR(AVERAGE(C68:D68)*_xlfn.XLOOKUP(E68,'Datavalidering (skjules)'!$I$7:$I$12,'Datavalidering (skjules)'!$J$7:$J$12),"") | G68: Lav | H68: Installering | I68: Leverandør (R), Kunde (C) | K68: Kundens prosjektgruppe | L68: tors 03.12.26 | M68: tir 08.12.26 | P68: 0 | Q68: Arbeidsmøter for oppsett av modul avtales fortløpende. Kunden er selv ansvarlig for å signere evt. avtaler med tredjepart
B69: Flow | C69: 20 | D69: 40 | E69: 1 | F69: =IFERROR(AVERAGE(C69:D69)*_xlfn.XLOOKUP(E69,'Datavalidering (skjules)'!$I$7:$I$12,'Datavalidering (skjules)'!$J$7:$J$12),"") -> 30 | G69: Lav | H69: Installering | I69: Leverandør (R), Kunde (C) | K69: Kundens prosjektgruppe | L69: tors 03.12.26 | M69: tir 08.12.26 | P69: 0 | Q69: Arbeidsmøter for oppsett av modul avtales fortløpende. Kunden er selv ansvarlig for å signere evt. avtaler med tredjepart
B70: Collect | C70: 20 | D70: 40 | E70: 1 | F70: =IFERROR(AVERAGE(C70:D70)*_xlfn.XLOOKUP(E70,'Datavalidering (skjules)'!$I$7:$I$12,'Datavalidering (skjules)'!$J$7:$J$12),"") -> 30 | G70: Lav | H70: Installering | I70: Leverandør (R), Kunde (C) | K70: Kundens prosjektgruppe | L70: tors 03.12.26 | M70: tir 08.12.26 | P70: 0 | Q70: Arbeidsmøter for oppsett av modul avtales fortløpende. Kunden er selv ansvarlig for å signere evt. avtaler med tredjepart
B71: Ferdigstillelse av konfigurasjonsdokument | L71: tors 03.12.26 | M71: tir 08.12.26
B72: Leverandøren oppdaterer og ferdigstiller konfigurasjonsdokumentet | C72: 2 | D72: 8 | E72: 1 | F72: =IFERROR(AVERAGE(C72:D72)*_xlfn.XLOOKUP(E72,'Datavalidering (skjules)'!$I$7:$I$12,'Datavalidering (skjules)'!$J$7:$J$12),"") -> 5 | G72: Medium | H72: Dokumentering og spesifisering | I72: Leverandør (R), Kunde (C) | L72: ons 09.12.26 | M72: ons 09.12.26 | P72: 0 | Q72: Leverandører oppdaterer og ferdigstiller konfigurasjonsdokumentet som er grunnlag for konfigurasjonsoppsettet
B73: Kunde leser gjennom og godkjenner oppdatert konfigurasjonsdokument | E73: 1 | F73: =IFERROR(AVERAGE(C73:D73)*_xlfn.XLOOKUP(E73,'Datavalidering (skjules)'!$I$7:$I$12,'Datavalidering (skjules)'!$J$7:$J$12),"") | G73: Lav | H73: Dokumentering og spesifisering | I73: Kunde (R) | L73: ons 09.12.26 | M73: ons 09.12.26 | P73: 0 | Q73: Kunden skal lese gjennom og godkjenne det oppdaterte konfigurasjonsdokumentet
A74: MP4 | B74: =_xlfn.XLOOKUP(A74,Milepæler!$B$5:$B$30,Milepæler!$C$5:$C$30,) -> Konfigurasjonsdokumentet er godkjent | L74: ons 09.12.26 | M74: ons 09.12.26
A76: FASE 3 | B76: IMPLEMENTERING OG KONFIGURERING
B77: Konfigurere miljø(er) iht. konfigurasjonsdokument | C77: 6 | D77: 12 | E77: 2 | F77: =IFERROR(AVERAGE(C77:D77)*_xlfn.XLOOKUP(E77,'Datavalidering (skjules)'!$I$7:$I$12,'Datavalidering (skjules)'!$J$7:$J$12),"") -> 13.5 | G77: Medium | H77: Implementering | I77: Leverandør (R) | L77: tors 10.12.26 | M77: fre 11.12.26 | P77: 0 | Q77: Miljøet settes opp og konfigureres iht. godkjent konfigurasjonsdokument
B78: Konfigurasjon av moduler m/kundeopplysninger som skal testes ferdigstilles | C78: - | D78: - | E78: 1 | F78: =IFERROR(AVERAGE(C78:D78)*_xlfn.XLOOKUP(E78,'Datavalidering (skjules)'!$I$7:$I$12,'Datavalidering (skjules)'!$J$7:$J$12),"") | G78: Lav | H78: Installering | I78: Leverandør (R), Kunde (C) | L78: tors 10.12.26 | M78: fre 11.12.26 | P78: 0 | Q78: Sertifikater og brukerinfo legges inn av Kunden. Leverandør skal aldri se eller håndtere passord, men kan veilede Kunden.
B79: Kopi av Kunde sin produksjonsbase over til testmiljø | C79: 6 | D79: 10 | E79: 1 | F79: =IFERROR(AVERAGE(C79:D79)*_xlfn.XLOOKUP(E79,'Datavalidering (skjules)'!$I$7:$I$12,'Datavalidering (skjules)'!$J$7:$J$12),"") -> 8 | H79: Leverandør (R) | I79: Leverandør (R) | L79: tors 10.12.26 | M79: fre 11.12.26 | P79: 0
B80: Leverandørens verifikasjon (FAT) | C80: 8 | D80: 8 | E80: 2 | F80: =IFERROR(AVERAGE(C80:D80)*_xlfn.XLOOKUP(E80,'Datavalidering (skjules)'!$I$7:$I$12,'Datavalidering (skjules)'!$J$7:$J$12),"") -> 12 | G80: Medium | H80: Testing | I80: Leverandør (R) | L80: tors 10.12.26 | M80: fre 11.12.26 | P80: 0 | Q80: Leverandør verifiserer at grunnleggende funksjoner fungerer
A81: MP5 | B81: =_xlfn.XLOOKUP(A81,Milepæler!$B$5:$B$30,Milepæler!$C$5:$C$30,) -> Løsningen er klar for Kundens Godkjenningsprøve | L81: fre 11.12.26 | M81: fre 11.12.26
A83: FASE 4 | B83: AKSEPTANSETEST
B84: Møte: Oppstartsmøte testperioden | C84: 1 | D84: 2 | E84: 1 | F84: =IFERROR(AVERAGE(C84:D84)*_xlfn.XLOOKUP(E84,'Datavalidering (skjules)'!$I$7:$I$12,'Datavalidering (skjules)'!$J$7:$J$12),"") -> 1.5 | G84: Lav | H84: Testing | I84: Leverandør (R), Kunde (C) | K84: Kundens prosjektgruppe | L84: man 14.12.26 | M84: man 14.12.26 | N84: 1 time | P84: 0 | Q84: Gjennomgang av retningslinjer, akseptansekriterier og frister
B85: Kundens akseptansetest | E85: 1 | F85: =IFERROR(AVERAGE(C85:D85)*_xlfn.XLOOKUP(E85,'Datavalidering (skjules)'!$I$7:$I$12,'Datavalidering (skjules)'!$J$7:$J$12),"") | G85: Lav | H85: Testing | I85: Kunde (R) | L85: man 14.12.26 | M85: tor 17.12.26 | P85: 0 | Q85: Kunden tester iht. Avtalen
B86: Konsulentbistand under akseptansetest | C86: 20 | D86: 20 | E86: 1 | F86: 10 | G86: Medium | H86: Testing | I86: Leverandør (R) | L86: man 14.12.26 | M86: tor 17.12.26 | P86: 0 | Q86: Leverandøren (og annen ansvarlig part) gjør nødvendige endringer for å rette avvik
B87: Møte: Statusmøte testperioden | C87: 1 | D87: 2 | E87: 1 | F87: =IFERROR(AVERAGE(C87:D87)*_xlfn.XLOOKUP(E87,'Datavalidering (skjules)'!$I$7:$I$12,'Datavalidering (skjules)'!$J$7:$J$12),"") -> 1.5 | G87: Lav | H87: Testing | I87: Leverandør (R), Kunde (C) | K87: Kundens testleder | L87: tir 15.12.26 | M87: tir 15.12.26 | N87: 1 time | P87: 0 | Q87: Statusmøte for testperioden, gjennomføres basert på behov
B88: Møte: Avslutningsmøte testperioden | C88: 1 | D88: 2 | E88: 1 | F88: =IFERROR(AVERAGE(C88:D88)*_xlfn.XLOOKUP(E88,'Datavalidering (skjules)'!$I$7:$I$12,'Datavalidering (skjules)'!$J$7:$J$12),"") -> 1.5 | G88: Lav | H88: Testing | I88: Leverandør (R), Kunde (C) | K88: Kundens testleder | L88: tor 17.12.26 | M88: tor 17.12.26 | N88: 1 time | P88: 0 | Q88: Gjennomgang av åpne innmeldte saker iht. Akseptansekriterier
A89: MP6 | B89: =_xlfn.XLOOKUP(A89,Milepæler!$B$5:$B$30,Milepæler!$C$5:$C$30,) -> Perioden for Godkjenningsprøven er utløpt og Løsningen er godkjent iht. akseptansekriteriene | L89: tor 17.12.26 | M89: tor 17.12.26
A92: FASE 5 | B92: IDRIFTSSETTELSE
B93: Forberedende aktiviteter
B94: Håndtering av åpne restanser etter testperioden iht. kontrakt | E94: 1 | F94: =IFERROR(AVERAGE(C94:D94)*_xlfn.XLOOKUP(E94,'Datavalidering (skjules)'!$I$7:$I$12,'Datavalidering (skjules)'!$J$7:$J$12),"") | G94: Lav | H94: Testing | I94: Leverandør (R), Kunde (C) | K94: Kundens testleder | L94: fre 18.12.26 | M94: fre 18.12.26 | P94: 0 | Q94: Håndtering av gjenstående B-feil
B95: Produksjonssetting
B96: Konfigurasjon etter Akseptansetest | C96: 0 | D96: 4 | E96: 1 | F96: =IFERROR(AVERAGE(C96:D96)*_xlfn.XLOOKUP(E96,'Datavalidering (skjules)'!$I$7:$I$12,'Datavalidering (skjules)'!$J$7:$J$12),"") -> 2 | G96: Lav | H96: Implementering | I96: Leverandør (R) | L96: fre 18.12.26 | M96: fre 18.12.26 | P96: 0 | Q96: Sertifikater og brukerinfo legges inn av Kunden. Leverandør skal aldri se eller håndtere passord, men kan veilede Kunden.
B97: Kunde og tredjepart setter opp eventuelle kundespesifikke integrasjoner | E97: 1 | F97: 5 | G97: Lav | H97: Implementering | I97: Kunde (R), tredjepart (C) | K97: Tredjepartsleverandør | L97: fre 18.12.26 | M97: fre 18.12.26 | P97: 0 | Q97: Tredjepartsintegrasjoner er Kundens ansvar, men Leverandøren kan bistå ved behov
B98: Felles verifikasjon av prodmiljø | C98: 4 | D98: 4 | E98: 1 | F98: =IFERROR(AVERAGE(C98:D98)*_xlfn.XLOOKUP(E98,'Datavalidering (skjules)'!$I$7:$I$12,'Datavalidering (skjules)'!$J$7:$J$12),"") -> 4 | G98: Lav | H98: Testing | I98: Leverandør (R), Kunde (C) | K98: Kundens prosjektgriuppe | L98: fre 18.12.26 | M98: fre 18.12.26 | P98: 0 | Q98: Begge parter gjør en kjapp sjekk av at integrasjoner, maler etc. fungerer
B99: Go / No Go | C99: 1 | D99: 2 | E99: 1 | F99: =IFERROR(AVERAGE(C99:D99)*_xlfn.XLOOKUP(E99,'Datavalidering (skjules)'!$I$7:$I$12,'Datavalidering (skjules)'!$J$7:$J$12),"") -> 1.5 | G99: Lav | H99: Prosjektledelse | I99: Leverandør (R), Kunde (I) | K99: Kundens prosjektgriuppe | L99: fre 18.12.26 | M99: fre 18.12.26 | P99: 0 | Q99: Godkjenne at miljøet er klart for bruk
A100: MP7 | B100: =_xlfn.XLOOKUP(A100,Milepæler!$B$5:$B$30,Milepæler!$C$5:$C$30,) -> Løsningen er driftsatt og tilgjengeliggjort for sluttbrukerne | L100: fre 18.12.26 | M100: fre 18.12.26
A102: FASE 6 | B102: EVALUERING OG AVSLUTNING | F102: =IFERROR(AVERAGE(C102:D102)*_xlfn.XLOOKUP(E102,'Datavalidering (skjules)'!$I$7:$I$12,'Datavalidering (skjules)'!$J$7:$J$12),"")
B103: Møte: Felles prosjektevaluering | C103: 2 | D103: 4 | E103: 1 | G103: Lav | H103: Generelle møter | I103: Leverandør (R), Kunde (C) | K103: Kundens prosjektgruppe | L103: man 21.12.26 | M103: man 21.12.26 | N103: 1 time | P103: 0 | Q103: Gjennomgang av prosjektgjennomføring, evaluering og tilbakemeldinger
B104: Leverandørens prosjektavslutningsaktiviteter (GW12) | C104: 4 | D104: 6 | E104: 1 | F104: =IFERROR(AVERAGE(C104:D104)*_xlfn.XLOOKUP(E104,'Datavalidering (skjules)'!$I$7:$I$12,'Datavalidering (skjules)'!$J$7:$J$12),"") -> 5 | G104: Lav | H104: Prosjektledelse | I104: Leverandør (R) | L104: man 21.12.26 | M104: man 21.12.26 | P104: 0 | Q104: Lukking av prosjekt, dokumentering, rapportering etc.
A105: MP8 | B105: =_xlfn.XLOOKUP(A105,Milepæler!$B$5:$B$30,Milepæler!$C$5:$C$30,) -> Prosjektet er avsluttet og overlevert til forvaltning | L105: man 21.12.26 | M105: man 21.12.26

Sheet Milepæler
B2: Implementeringsprosjekt - Standardmilepæler
B4: ID | C4: Milepælsbeskrivelse | D4: Kommentar
B5: MP0 | C5: Kontrakten er signert
B6: MP1 | C6: Prosjektet er igangsatt | D6: Dette for å tydeliggjøre at vi nå kan føre tid på prosjektet
B7: MP2 | C7: Omforent fremdriftsplan er godkjent
B8: MP3 | C8: Avtalt miljø er klart for funksjonelt oppsett og verifisering | D8: SaaS begynner 50%, dersom avtalt.
B9: MP4 | C9: Konfigurasjonsdokumentet er godkjent
B10: MP5 | C10: Løsningen er klar for Kundens Godkjenningsprøve
B11: MP6 | C11: Perioden for Godkjenningsprøven er utløpt og Løsningen er godkjent iht. akseptansekriteriene | D11: Kunden må få Leveransemelding om at Leveringsdagen skjer påfølgende virkedag og SaaS begynner 100%.
B12: MP7 | C12: Løsningen er driftsatt og tilgjengeliggjort for sluttbrukerne
B13: MP8 | C13: Prosjektet er avsluttet og overlevert til forvaltning

Sheet Datavalidering (skjules)
B3: Ja | C3: Lav
B4: Nei | C4: Medium
C5: Høy
I6: Miljøer | J6: Multipliseres
I7: 1 | J7: 1
B8: Passord (låste celler): P360 | I8: 2 | J8: 1.5
I9: 3 | J9: 2
B13: Kategorier | C13: Beskrivelse | E13: Risikokategori | F13: Beskrivelse
B14: Prosjektledelse | C14: Administrasjon, økonomi, SG-møter, statusmøter | E14: Budsjett | F14: Administrasjon, økonomi, SG-møter, statusmøter
B15: Analysering | E15: Tidsplan
B16: Dokumentering og spesifisering | E16: Teknologi
B17: Utvikling | E17: Informasjon
B18: Implementering | E18: Sikkerhet
B19: Migrering | E19: Kvalitet
B20: Installering | E20: Prosjektplan
B21: Testing | E21: Leveranse
B22: Rådgivning | E22: Juridisk
B23: Opplæring
B24: Generelle møter

Sheet Opsjoner og tilleggsaktiviteter
A1: Opsjoner og tilleggsaktiviteter - Aktiviteter | D1: Estimater (internt) | S1: Prosjektleder | T1: Rådgiver | U1: Deployer | V1: Utvikler | W1: Support | X1: Prosjekteier
A2: Foreslått fase | B2: Aktiviteter | D2: Obligatorisk | E2: Min (timer) | F2: Max (timer) | G2: Budsjett (timer) | H2: Risikonivå | I2: Kategori | J2: Ansvarlig | K2: Navngitt ansvarlig | L2: Andre deltakere | M2: Start | N2: Slutt | O2: Varighet | P2: Tidspunkt | Q2: Fullført | R2: Aktivitetsbeskrivelse | S2: Leverandørens ansvarsfordeling
A3: ∞
B4: Ekstra statusmøter | D4: Nei | G4: =IFERROR(AVERAGE(E4:F4),"") | H4: Lav | I4: Prosjektledelse | J4: Leverandør | L4: Kundens prosjektgruppe | Q4: 0 | S4: R | T4: C/I | U4: C/I | V4: C/I | X4: A
B5: Ekstra arbeidsmøter | D5: Nei | G5: =IFERROR(AVERAGE(E5:F5),"") | H5: Lav
B6: Utvikling av maler iht. avtale | D6: Nei | G6: =IFERROR(AVERAGE(E6:F6),"") | H6: Medium | Q6: 0
A7: SG | B7: Ekstra styringsgruppemøte | D7: Nei | E7: 1 | F7: 2 | G7: =IFERROR(AVERAGE(E7:F7),"") -> 1.5 | H7: Lav | I7: Prosjektledelse | J7: Leverandør | L7: Kundens styringsgruppe | Q7: 0 | R7: Ikke-fakturerbart?
B8: Bistand utover Leveransensens inkluderte timer | D8: Nei | G8: =IFERROR(AVERAGE(E8:F8),"") | H8: Lav | Q8: 0 | R8: Omfang og fakturering avtales med Kunden (enten via EO eller løpende timer) | S8: A | T8: R | U8: R | V8: R
B9: Leverandørens bistand med installasjon av klassifikasjonskoder (K-koder) | D9: Nei | G9: =IFERROR(AVERAGE(E9:F9),"") | H9: Medium | Q9: 0 | R9: Normalt en fastpris | T9: R
B10: Leverandørens bistand med installasjon av arkivnøkler | D10: Nei | G10: =IFERROR(AVERAGE(E10:F10),"") | H10: Medium
D11: Nei | G11: =IFERROR(AVERAGE(E11:F11),"") | H11: Lav
B12: Opplæring og innføring | G12: =IFERROR(AVERAGE(E12:F12),"")
B13: Floor Walking | D13: Nei | E13: - | F13: 1 | G13: =IFERROR(AVERAGE(E13:F13),"") -> 1 | H13: Lav | Q13: 0 | R13: Varighet etter avtale | S13: I/A | T13: R
B14: Train the Trainer | D14: Nei | E14: 12 | F14: 18 | G14: =IFERROR(AVERAGE(E14:F14),"") -> 15 | H14: Lav | O14: 2 dager | Q14: 0 | S14: I/A | T14: R
B15: Spørretime (digitalt) | D15: Nei | E15: 1 | F15: 4 | G15: =IFERROR(AVERAGE(E15:F15),"") -> 2.5 | H15: Medium | O15: 1 time | Q15: 0 | S15: I/A | T15: R
B16: eLæring | D16: Nei | G16: =IFERROR(AVERAGE(E16:F16),"") | H16: Lav | Q16: 0 | S16: I/A | T16: R
B17: Ekstra miljø | G17: =IFERROR(AVERAGE(E17:F17),"") | R17: Når det skal leveres mer enn ett miljø i prosjektet. Modulkonfig kommer i tillegg.
B18: Administrasjon (utsendelse av velkomstbrev, booking, GW12 m.m.) | D18: Nei | E18: 2 | F18: 4 | G18: =IFERROR(AVERAGE(E18:F18),"") -> 3 | H18: Lav | Q18: 0
B19: Installering av ekstra miljø + verifisering av tilkobling | D19: Nei | E19: 2 | F19: 4 | G19: =IFERROR(AVERAGE(E19:F19),"") -> 3 | H19: Lav | Q19: 0
B20: Import av DB-kopi | D20: Nei | E20: 2 | F20: 6 | G20: =IFERROR(AVERAGE(E20:F20),"") -> 4 | H20: Lav | Q20: 0
B21: Bistand under Kundens verifisering | D21: Nei | E21: 2 | F21: 10 | G21: =IFERROR(AVERAGE(E21:F21),"") -> 6 | H21: Medium | Q21: 0
Q22: 0
B23: OnPrem-aktiviteter | R23: Når prosjektet ikke er Cloud.
B24: Etablering av lokale miljøer (Internt, utvikling, test) | D24: Ja | G24: =IFERROR(AVERAGE(E24:F24),"") | H24: Lav | Q24: 0
B25: Teknisk verifikasjon av lokale miljøer | D25: Ja | G25: =IFERROR(AVERAGE(E25:F25),"") | H25: Lav | Q25: 0
D26: Nei | G26: =IFERROR(AVERAGE(E26:F26),"") | H26: Lav | Q26: 0
D27: Nei | G27: =IFERROR(AVERAGE(E27:F27),"") | H27: Lav | Q27: 0
D28: Nei | G28: =IFERROR(AVERAGE(E28:F28),"") | H28: Lav | Q28: 0
A29: FASE 1 | G29: =IFERROR(AVERAGE(E29:F29),"")
D30: Nei | G30: =IFERROR(AVERAGE(E30:F30),"") | H30: Lav | Q30: 0
D31: Nei | G31: =IFERROR(AVERAGE(E31:F31),"") | H31: Lav | Q31: 0
A32: FASE 2 | G32: =IFERROR(AVERAGE(E32:F32),"")
B33: Møte: Gjennomgang av AD Sync-oppsett | D33: Ja | G33: =IFERROR(AVERAGE(E33:F33),"") | H33: Lav | Q33: 0
B34: Leverandøren er tilgjengelig for Kunden med avklaringer og evt. Justeringer | D34: Nei | G34: =IFERROR(AVERAGE(E34:F34),"") | H34: Lav | Q34: 0 | R34: Relatert til konfigdokumentet, faktureres på løpende timer
B35: Generelle arbeidsmøter | G35: =IFERROR(AVERAGE(E35:F35),"")
B36: Tema: Gjennomgang av Løsningens standard Møte og utvalg-maler | D36: Nei | G36: =IFERROR(AVERAGE(E36:F36),"") | H36: Lav | Q36: 0
B37: Tema: Gjennomgang API'er m/tredjepartsleverandør ift. Kundespesifikke integrasjoner | D37: Nei | G37: =IFERROR(AVERAGE(E37:F37),"") | H37: Lav | Q37: 0
B38: Tema: Informasjonsmøte om arkivnøkler | D38: Nei | G38: =IFERROR(AVERAGE(E38:F38),"") | H38: Lav | Q38: 0
B39: Tema: Håndtering av åpne saker (MCUT) | D39: Nei | G39: =IFERROR(AVERAGE(E39:F39),"") | H39: Lav | Q39: 0
B40: Opplæring av prosjektgruppe | G40: =IFERROR(AVERAGE(E40:F40),"")
B41: Kurs: Møte og utvalg | D41: Nei | E41: - | F41: 10 | G41: =IFERROR(AVERAGE(E41:F41),"") -> 10 | H41: Lav | I41: Opplæring | J41: Leverandør | L41: Kundens prosjektgruppe | Q41: 0 | S41: I/A | T41: R
B42: Kurs: Lederkurs | D42: Nei | E42: - | F42: 4 | G42: =IFERROR(AVERAGE(E42:F42),"") -> 4 | H42: Lav | I42: Opplæring | J42: Leverandør | L42: Kundens prosjektgruppe | Q42: 0 | S42: I/A | T42: R
B43: Kurs: Template Designer | D43: Nei | E43: - | F43: 12 | G43: =IFERROR(AVERAGE(E43:F43),"") -> 12 | H43: Lav | I43: Opplæring | J43: Leverandør | L43: Kundens prosjektgruppe | Q43: 0 | S43: I/A | T43: R
B44: Opplæring av superbrukere | G44: =IFERROR(AVERAGE(E44:F44),"")
B45: Kurs: Grunnkurs | D45: Nei | E45: - | F45: 6 | G45: =IFERROR(AVERAGE(E45:F45),"") -> 6 | H45: Lav | I45: Opplæring | J45: Leverandør | L45: Kundens sluttbrukere | Q45: 0 | S45: I/A | T45: R
B46: Kurs: Videregåendekurs | D46: Nei | E46: - | F46: 6 | G46: =IFERROR(AVERAGE(E46:F46),"") -> 6 | H46: Lav | I46: Opplæring | J46: Leverandør | L46: Kundens sluttbrukere | Q46: 0 | S46: I/A | T46: R
B47: Open Session | D47: Nei | E47: - | G47: =IFERROR(AVERAGE(E47:F47),"") | H47: Lav | I47: Opplæring | J47: Leverandør | L47: Kundens superbrukere | Q47: 0 | S47: I/A | T47: R
B48: Opplæring av sluttbrukere | G48: =IFERROR(AVERAGE(E48:F48),"")
B49: Kurs: Grunnkurs | D49: Nei | E49: - | F49: 6 | G49: =IFERROR(AVERAGE(E49:F49),"") -> 6 | H49: Lav | I49: Opplæring | J49: Leverandør | L49: Kundens sluttbrukere | Q49: 0 | S49: I/A | T49: R
B50: Kurs: Administratorkurs | D50: Nei | E50: - | F50: 6 | G50: =IFERROR(AVERAGE(E50:F50),"") -> 6 | H50: Lav | I50: Opplæring | J50: Leverandør | L50: Kundens sluttbrukere | Q50: 0 | S50: I/A | T50: R
B51: Kurs: Videregåendekurs | D51: Nei | E51: - | F51: 6 | G51: =IFERROR(AVERAGE(E51:F51),"") -> 6 | H51: Lav | I51: Opplæring | J51: Leverandør | L51: Kundens sluttbrukere | Q51: 0 | S51: I/A | T51: R
B52: Kurs: Arkivarkurs | D52: Nei | E52: - | F52: 6 | G52: =IFERROR(AVERAGE(E52:F52),"") -> 6 | H52: Lav | I52: Opplæring | J52: Leverandør | L52: Kundens sluttbrukere | Q52: 0 | S52: I/A | T52: R
A53: FASE 4 | G53: =IFERROR(AVERAGE(E53:F53),"")
B54: Bistand utover Leveransensens inkluderte timer | D54: Nei | G54: =IFERROR(AVERAGE(E54:F54),"") | H54: Lav | I54: Testing | J54: Leverandør | Q54: 0 | V54: R
D55: Nei | G55: =IFERROR(AVERAGE(E55:F55),"") | H55: Lav | Q55: 0 | T55: C | U55: C
A56: FASE 5 | G56: =IFERROR(AVERAGE(E56:F56),"")
B57: Forberedelser før generering av åpne saker vha. MCUT | D57: Nei | G57: =IFERROR(AVERAGE(E57:F57),"") | H57: Lav | I57: Installering | J57: Leverandør | Q57: 0 | V57: R
B58: OnPrem-løsning settes til Read Only | D58: Nei | G58: =IFERROR(AVERAGE(E58:F58),"") | H58: Lav | I58: Installering | J58: Kunde | Q58: 0 | R58: Hindrer at sluttbrukerne får gjort endringer i OnPrem-løsningen etter importen av nyeste data | T58: C | U58: C
B59: Generering av åpne saker vha. MCUT | D59: Nei | G59: =IFERROR(AVERAGE(E59:F59),"") | H59: Lav | I59: Installering | J59: Leverandør | Q59: 0 | V59: R
B60: Installer arkivnøkler | D60: Nei | G60: =IFERROR(AVERAGE(E60:F60),"") | H60: Lav | I60: Installering | J60: Kunde | Q60: 0 | T60: C | U60: R
B61: Sett avtalt start på saksnummer | D61: Nei | G61: =IFERROR(AVERAGE(E61:F61),"") | H61: Lav | I61: Utvikling | J61: Leverandør | Q61: 0 | T61: I | U61: C | V61: R
A64: Opsjoner og tilleggsaktiviteter - Moduler og integrasjoner | D64: Estimater (internt) | S64: Prosjektleder | T64: Rådgiver | U64: Deployer | V64: Utvikler | W64: Support | X64: Prosjekteier
B65: Løsning | D65: Obligatorisk | E65: Min (timer) | F65: Max (timer) | G65: Budsjett (timer) | H65: Risikonivå | I65: Kategori | J65: Ansvarlig | K65: Navngitt ansvarlig | L65: Andre deltakere | M65: Start | N65: Slutt | O65: Varighet | P65: Tidspunkt | Q65: Fullført | R65: Aktivitetsbeskrivelse | S65: Leverandørens ansvarsfordeling
B66: BOARD AND MEETING MANAGEMENT
B67: Board and Council | D67: Nei | E67: 6 | F67: 10 | G67: =IFERROR(AVERAGE(E67:F67),"") -> 8 | H67: Medium | I67: Installering | J67: Leverandør | L67: Kundens prosjektgruppe | Q67: 0 | S67: I/A | T67: R | U67: C
B68: Decision Tracking | D68: Nei | E68: 8 | F68: 12 | G68: =IFERROR(AVERAGE(E68:F68),"") -> 10 | H68: Lav | I68: Installering | J68: Leverandør | L68: Kundens prosjektgruppe | Q68: 0 | S68: I/A | T68: R | U68: C
B69: eMeetings Prepare | D69: Nei | E69: 15 | F69: 19 | G69: =IFERROR(AVERAGE(E69:F69),"") -> 17 | H69: Lav | I69: Installering | J69: Leverandør | L69: Kundens prosjektgruppe | Q69: 0 | S69: I/A | T69: R | U69: C
B70: eMeetings Live | D70: Nei | E70: 15 | F70: 19 | G70: =IFERROR(AVERAGE(E70:F70),"") -> 17 | H70: Lav | I70: Installering | J70: Leverandør | L70: Kundens prosjektgruppe | Q70: 0 | S70: I/A | T70: R | U70: C
B71: Meeting Management | D71: Nei | E71: 1 | F71: 1 | G71: =IFERROR(AVERAGE(E71:F71),"") -> 1 | H71: Lav | I71: Installering | J71: Leverandør | L71: Kundens prosjektgruppe | Q71: 0 | S71: I/A | T71: R | U71: C
B72: eManager | D72: Nei | E72: 1 | F72: 2 | G72: =IFERROR(AVERAGE(E72:F72),"") -> 1.5 | H72: Lav | I72: Installering | J72: Leverandør | L72: Kundens prosjektgruppe | Q72: 0 | S72: I/A | T72: R | U72: C
B73: DIGITAL COMMUNICATION
B74: Integration: SvarInn (NO) | D74: Nei | E74: 8 | F74: 16 | G74: =IFERROR(AVERAGE(E74:F74),"") -> 12 | H74: Lav | I74: Installering | J74: Leverandør | L74: Kundens prosjektgruppe | Q74: 0 | S74: I/A | T74: R | U74: C
B75: Integration: SvarUt (NO) | D75: Nei | E75: 8 | F75: 16 | G75: =IFERROR(AVERAGE(E75:F75),"") -> 12 | H75: Lav | I75: Installering | J75: Leverandør | L75: Kundens prosjektgruppe | Q75: 0 | S75: I/A | T75: R | U75: C
B76: Dispatch Adapter: DPI | C76: x | D76: Ja | E76: 2 | F76: 6 | G76: =IFERROR(AVERAGE(E76:F76),"") -> 4 | H76: Medium | I76: Installering | J76: Leverandør | L76: Kundens prosjektgruppe | Q76: 0 | S76: I/A | T76: C | U76: R
B77: Dispatch Adapter: eFormidling | C77: x | D77: Ja | E77: 12 | F77: 24 | G77: =IFERROR(AVERAGE(E77:F77),"") -> 18 | H77: Medium | I77: Installering | J77: Leverandør | L77: Kundens prosjektgruppe | Q77: 0 | S77: I/A | T77: C | U77: R
B78: CENTRAL REGISTRIES
B79: Integration: Folkeregisteret (Infotorg eller KS Fiks) | C79: x | D79: Ja | E79: 4 | F79: 10 | G79: =IFERROR(AVERAGE(E79:F79),"") -> 7 | H79: Lav | I79: Installering | J79: Leverandør | L79: Kundens prosjektgruppe | Q79: 0 | S79: I/A | T79: R | U79: C
B80: Integration: Folkeregisteret Update | C80: x | D80: Ja | E80: 2 | F80: 4 | G80: =IFERROR(AVERAGE(E80:F80),"") -> 3 | H80: Lav | I80: Installering | J80: Leverandør | L80: Kundens prosjektgruppe | Q80: 0 | S80: I/A | T80: R | U80: C
B81: Integration: Enhetsregisteret | D81: Ja | E81: 4 | F81: 10 | G81: =IFERROR(AVERAGE(E81:F81),"") -> 7 | H81: Lav | I81: Installering | J81: Leverandør | L81: Kundens prosjektgruppe | Q81: 0 | S81: I/A | T81: R | U81: C
B82: Integration: Enhetsregisteret Update | D82: Ja | E82: 2 | F82: 4 | G82: =IFERROR(AVERAGE(E82:F82),"") -> 3 | H82: Lav | I82: Installering | J82: Leverandør | L82: Kundens prosjektgruppe | Q82: 0 | S82: I/A | T82: R | U82: C
B83: Cadastre Integration | D83: Nei | E83: 4 | F83: 12 | G83: =IFERROR(AVERAGE(E83:F83),"") -> 8 | H83: Lav | I83: Installering | J83: Leverandør | L83: Kundens prosjektgruppe | Q83: 0 | S83: I/A | T83: R | U83: C
B84: TRANSPARENCY
B85: Information Act Request | C85: x | D85: Ja | E85: 20 | F85: 24 | G85: =IFERROR(AVERAGE(E85:F85),"") -> 22 | H85: Lav | I85: Installering | J85: Leverandør | L85: Kundens prosjektgruppe | Q85: 0 | S85: I/A | T85: R | U85: C
B86: OpenGov 2.0 | D86: Nei | E86: 14 | F86: 20 | G86: =IFERROR(AVERAGE(E86:F86),"") -> 17 | H86: Lav | I86: Installering | J86: Leverandør | L86: Kundens prosjektgruppe | Q86: 0 | S86: I/A | T86: R | U86: C
B87: Public Journal | D87: Nei | E87: 16 | F87: 18 | G87: =IFERROR(AVERAGE(E87:F87),"") -> 17 | H87: Medium | I87: Installering | J87: Leverandør | L87: Kundens prosjektgruppe | Q87: 0 | S87: I/A | T87: R | U87: C
B88: Public Journal File Server | D88: Nei | E88: - | F88: - | G88: =IFERROR(AVERAGE(E88:F88),"") | H88: Lav | I88: Installering | J88: Leverandør | L88: Kundens prosjektgruppe | Q88: 0 | S88: I/A | T88: R | U88: C
B89: OpenGov Cases and Documents | D89: Nei | E89: 14 | F89: 18 | G89: =IFERROR(AVERAGE(E89:F89),"") -> 16 | H89: Lav | I89: Installering | J89: Leverandør | L89: Kundens prosjektgruppe | Q89: 0 | S89: I/A | T89: R | U89: C
B90: OpenGov Webservices | D90: Nei | E90: - | F90: - | G90: =IFERROR(AVERAGE(E90:F90),"") | H90: Lav | I90: Installering | J90: Leverandør | L90: Kundens prosjektgruppe | Q90: 0 | S90: I/A | T90: R | U90: C
B91: eInnsyn Export | C91: x | D91: Ja | E91: 4 | F91: 4 | G91: =IFERROR(AVERAGE(E91:F91),"") -> 4 | H91: Lav | I91: Installering | J91: Leverandør | L91: Kundens prosjektgruppe | Q91: 0 | S91: I/A | T91: R | U91: C
B92: FileViewer | C92: x | D92: Ja | E92: 4 | F92: 4 | G92: =IFERROR(AVERAGE(E92:F92),"") -> 4 | H92: Lav | I92: Installering | J92: Leverandør | L92: Kundens prosjektgruppe | Q92: 0 | S92: I/A | T92: R | U92: C
B93: DOCUMENT MANAGEMENT
B94: Contract Management | D94: Nei | E94: 10 | F94: 12 | G94: =IFERROR(AVERAGE(E94:F94),"") -> 11 | H94: Lav | I94: Installering | J94: Leverandør | L94: Kundens prosjektgruppe | Q94: 0 | S94: I/A | T94: R | U94: C
B95: Policy Documents | D95: Ja | E95: 10 | F95: 18 | G95: =IFERROR(AVERAGE(E95:F95),"") -> 14 | H95: Lav | I95: Installering | J95: Leverandør | L95: Kundens prosjektgruppe | Q95: 0 | S95: I/A | T95: R | U95: C
B96: INTELLIGENT PRODUCTIVITY PLATFORM
B97: Archive Inspector | D97: Ja | E97: 30 | F97: 30 | G97: =IFERROR(AVERAGE(E97:F97),"") -> 30 | H97: Medium | I97: Installering | J97: Leverandør | L97: Kundens prosjektgruppe | Q97: 0 | S97: I/A | T97: R | U97: C
B98: Mimir | D98: Ja | E98: 4 | F98: 4 | G98: =IFERROR(AVERAGE(E98:F98),"") -> 4 | H98: Lav | I98: Installering | J98: Leverandør | L98: Kundens prosjektgruppe | Q98: 0 | S98: I/A | T98: R | U98: C
B99: THIRD PARTY INTEGRATION TOOLS
B100: Power Automate Connector | D100: Nei | E100: 16 | F100: 35 | G100: =IFERROR(AVERAGE(E100:F100),"") -> 25.5 | H100: Medium | I100: Installering | J100: Leverandør | L100: Kundens prosjektgruppe | Q100: 0 | S100: I/A | U100: C | V100: R
B101: SIF | D101: Nei | E101: 1 | F101: 4 | G101: =IFERROR(AVERAGE(E101:F101),"") -> 2.5 | H101: Høy | I101: Installering | J101: Leverandør | L101: Kundens prosjektgruppe | Q101: 0 | S101: I/A | U101: C | V101: R
B102: FIKS Arkiv | D102: Nei | E102: 20 | F102: 30 | G102: =IFERROR(AVERAGE(E102:F102),"") -> 25 | H102: Lav | I102: Installering | J102: Leverandør | L102: Kundens prosjektgruppe | Q102: 0 | S102: I/A | U102: C | V102: R
...
