Workbook

Sheet 1. Eritelty hinnoittelutaulukko
A1: VNK asianhallintajärjestelmäkokonaisuuden hankinta / Hintalomake liite 6
A2: OHJE:
A3: Tähän hinnoitteluliitteeseen toimittaja kertoo tarjouksensa sitovat hinnat
A4: - Toimittaja täyttää keltaiset kentät välilehdilta 1. Tarjottavat hinnat eriteltynä sekä 2. Tarjottavat lisenssit eriteltynä
A5: - Hinnat ilmoitetaan euroina kahden desimaalin tarkkuudella (alv 0%)
A6: - Jos jotain hintaa ei ole ilmoitettu, hinnan oletetaan olevan 0 euroa
A7: - Taulukon rakennetta ei saa muuttaa, tietoja saa muuttaa vain keltaisella merkityissä soluissa
A8: - Taulukko sisältää kaikki hinnoittelussa käytettävät tiedot, muita hinnoitteluperusteita ei ole
A9: - Hinnoittelun lopuksi Tarjoaja siirtää solussa G35 olevan summan Hanki-järjestelmään pyydettyyn kohtaan
A11: Tarjoajan nimi:
A13: A. Kiinteä kertahankintahinta
B14: Hinnoittelun kohde | C14: Täsmennys | D14: Hinnoitteluperuste | E14: Tarjottu hinta | F14: Painotus | G14: Vertailuhinta
A15: A | B15: POC | C15: PoC kokonaisuus toteutetaan liitteessä 3.1 kuvatun mukaisesti. Tarjottu hinta sisältää PoC-toteutuksen mahdollisesti tarvitsemat lisenssit. | D15: kiinteä hinta | E15: 0 | F15: 1 | G15: =F15*E15 -> 0
A16: A | B16: Suunnitteluvaihe | C16: Suunnitteluvaihe toteutetaan liitteessä 3.3 kuvatun mukaisesti. | D16: kiinteä hinta | E16: 0 | F16: 1 | G16: =F16*E16 -> 0
A17: A | B17: Lisenssit | C17: Mahdollisesti tarvittavien lisenssien hankintahinta. Toimittaja kuvaa lisenssien tarkemmat tiedot ja hinnoittelutavan välilehdellä "Tarjottavat lisenssit". (Hinta siirtyy välilehdeltä 2) | D17: kiinteä hinta | E17: ='2. Tarjottavat lisenssit'!G23 -> 0 | F17: 1 | G17: =F17*E17 -> 0
A18: B. Vuosikustannukset
A19: Ilmoitettujen vuosikustannusten tulee sisältää kaikki tietosuojaan liittyvät pakolliset vaatimukset. Lisäksi ilmoitettujen vuosikustannusten tulee sisältää kaikki toimitettavaa järjestelmää koskevat pakolliset ja pisteytetttävät vaatimukset, joihin tarjoja on vastannut "Kyllä".
B20: Hinnoittelun kohde | C20: Täsmennys | D20: Hinnoitteluperuste | E20: Tarjottu hinta | F20: Painotus | G20: Vertailuhinta
A21: B | B21: Lisenssit | C21: Lisenssien vuosittainen käyttöoikeusmaksu välilehden 2. kuvauksen mukaan (Hinta siirtyy välilehdeltä 2) | D21: eur / vuosi | E21: ='2. Tarjottavat lisenssit'!H23 -> 0 | F21: 10 | G21: =F21*E21 -> 0
A22: B | B22: Ylläpito | C22: Vuosittainen ylläpidon perusmaksu, liitteen 4 (pääsopimus) ja sen liitteiden mukaan. | D22: eur / vuosi | E22: ='2. Tarjottavat lisenssit'!H24 -> 0 | F22: 10 | G22: =F22*E22 -> 0
A23: C. Erikseen veloitettavien kustannusten perusteet
A24: Asiakas voi sopimuskaudella tilata toimitettuun ratkaisuun liittyviä asiantuntijapalveluita (esim. liitteissä 1.1 ja 1.2 kuvattuihin toteutuksin liittyen ym.). Erikseen tilattavista töistä sovitaan tilaajan kanssa aina etukäteen kirjallisesti. Painotuksena käytettävät määrät ovat ainoastaan vertailuhinnan laskemista varten (vertailutyömäärä toimitusvaiheessa on 4000 htp, ylläpidon osalta 180 htp (30 +150) *10 v ja jatkokehityksen 6000 htp). Volyymit eivät sido tilaajaa. Toteutuvat määrät voivat olla suurempia tai pienempiä.
B25: Hinnoittelun kohde - Toimitusvaihe | C25: Täsmennys | D25: Hinnoitteluperuste (1 htp = 7,5 tuntia) | E25: Tarjottu hinta | F25: Painotus | G25: Vertailuhinta
A26: C1 | B26: Toimitusvaiheessa johtavien asiantuntijoiden työ (projektipäällikkö, arkkitehti yms.) - | C26: Toimitusvaiheeseen nimettävillä johtavilla asiantuntyijoilla tulee olla vähintään 5 vuoden kokemus vastaavien järjestelmien toimitusprojekteista. | D26: eur / htp | E26: 0 | F26: =4000/100*20 -> 800 | G26: =F26*E26 -> 0
A27: C2 | B27: Toimitusvaiheessa asiantuntijoiden työ (tekninen asiantuntija / kehittäjä, tuotepäällikkö, käyttöliittymäsuunnittelija, tietoturva-asiantuntija yms.) | C27: Toimitusvaiheeseen nimettävillä asiantuntijoilla tulee olla vähintään 3 vuoden kokemus vastaavien järjestelmien toimitusprojekteista. | D27: eur / htp | E27: 0 | F27: =4000/100*50 -> 2000 | G27: =F27*E27 -> 0
A28: C3 | B28: Toimitusvaiheessa perustason asiantuntijatyö | C28: Toimitusvaiheeseen nimettävillä asiantuntijoilla tulee olla kokemusta ja osaamista vastaavien järjestelmien toimitusprojekteista. | D28: eur / htp | E28: 0 | F28: =4000/100*30 -> 1200 | G28: =F28*E28 -> 0
A29: C5 | B29: Kouluttaja | C29: Nimettävällä kouluttajalla tulee olla kokemusta ja osaamista vastaavien järjestelmien toimitusprojekteista. | D29: eur / htp | E29: 0 | F29: 100 | G29: =F29*E29 -> 0
B30: Hinnoittelun kohde- Ylläpito ja jatkokehitys | C30: Täsmennys | D30: Hinnoitteluperuste (1 htp = 7,5 tuntia) | E30: Tarjottu hinta | F30: Painotus (10 v) | G30: Vertailuhinta
A31: C4 | B31: Ylläpitovaihe (3. taso) | C31: Ylläpitoon osallistuvilla asiantuntijoilla tulee olla kokemusta ja osaamista vastaavien järjestelmien ylläpidosta. | D31: eur / htp | E31: 0 | F31: 300 | G31: =F31*E31 -> 0
B32: Ylläpitovaihe (2. taso) | C32: Ylläpitoon osallistuvilla asiantuntijoilla tulee olla kokemusta ja osaamista vastaavien järjestelmien ylläpidosta. | D32: eur / htp | E32: 0 | F32: 1500 | G32: =F32*E32 -> 0
A33: C4 | B33: Toimitusvaiheen jälkeinen jatkokehitys (OPTIO) | C33: Toimitusvaiheen jälkeiseen jatkokehitykseen osallistuvilla asiantuntijoilla tulee olla kokemusta ja osaamista vastaavien järjestelmien jatkokehityksestä. | D33: eur / htp | E33: 0 | F33: 6000 | G33: =F33*E33 -> 0
E35: Vertailuhinta yhteensä | G35: =SUM(G15:G17, G21:G22, G26:G29, G31:G33) -> 0
A37: D. OPTIOT
A38: Tarjoajan tulee hinnoittella alla kuvatut, sopimuskaudella mahdollisesti optiona hankittavat tuotteet/palvelut. Tarjoaja voi alustavassa tarjouksessaan esittää vapaamuotoisia huomioita kuvatun option hinnoittelusta, hinnoitteluperusteista sekä hinnoitteluperusteen mukaisen hinta-arvionsa option toteutuksesta. Optioina tarjottuja hintoja ei lasketa osaksi tarjoajan lopullista vertailuhintaa. Optioiden hinnoittelu ja sisältö tarkentuvat lopulliseen tarjouspyyntöön.
B39: Hinnoittelun kohde | C39: Tarjoajan huomioita ko. option hinnoittelusta | D39: Hinnoitteluperuste | E39: Tarjottu hinta | F39: Painotus | G39: Vertailuhinta
A40: D1 | B40: Tiedonohjaussuunnitelman ja muiden ohjaustietojen hallintakomponentti | E40: ='2. Tarjottavat lisenssit'!H32 -> 0
B41: Pitkäaikaissäilytys/ arkistointiratkaisu ja koodistoratkaisu
A42: D2 | B42: DevSecOps -ympäristö | E42: ='2. Tarjottavat lisenssit'!H33 -> 0
A43: D3 | B43: TL III aineiston käsittelymahdollisuus (sis. Tarvittavien komponettien asennus TLIII tason ympäristöön) | E43: ='2. Tarjottavat lisenssit'!H34 -> 0

Sheet 2. Tarjottavat lisenssit
B1: OHJE:
B2: Tarjotut lisenssit 6000 käyttäjälle
B3: - Tarjouksessa huomioidaan sekä palvelin-, palvelu- ja käyttäjäkohtaiset lisenssit
B4: - Lisenssien määrän pitää riittää ylläolevaan käyttötarpeeseen
B5: - Lisenssejä voidaan hankkia lisähankintana yksittäisinä kappaleina, hankintamäärä ei vaikuta kappalehintaan
B6: - Mikäli kehitys-testi- ja koulutusympäristöihin tarvitsee hankkia omia lisenssejä, ne mainitaan tässä, lisenssimäärien lähtökohtana:
C7: 1 kehitysympäristö, 3 testausympäristöä, 1 koulutusympäristö
B8: - Mikäli ulkopuolinen järjestelmäintegraatio (yksi-, tai kaksisuuntainen) tarvitsee oman lisenssin, se mainitaan tässä. Mainittava myös, jos integraation kautta tulevilla käyttäjämäärillä on lisenssikustannusvaikutuksia. Vertailussa käytettävät arvot: 10kpl kaksisuuntaista ja 10 kpl yhdensuuntaista järjestelmäintegraatioita.
B9: - Tarvittaessa rivejä voi lisätä
B10: - Tässä ilmoitetut lisenssimäärät ovat vertailussa käytettäviä määriä, ei lopullisia hankittavia määriä
A12: rivi | B12: Tarjottava lisenssi | C12: Tarjottavien lisenssien määrä | D12: lisenssikohtainen (1 kpl) kertahinta | E12: lisenssikohtainen (1 kpl) vuosihinta | F12: Perustelu lisenssitarpeelle | G12: kertahankintahinta yhteensä | H12: Vuosihinta yhteensä
A13: 1 | D13: 0 | E13: 0 | G13: =C13*D13 -> 0 | H13: =E13*C13 -> 0
A14: 2 | D14: 0 | E14: 0 | G14: =C14*D14 -> 0 | H14: =E14*C14 -> 0
A15: 3 | D15: 0 | E15: 0 | G15: =C15*D15 -> 0 | H15: =E15*C15 -> 0
A16: 4 | D16: 0 | E16: 0 | G16: =C16*D16 -> 0 | H16: =E16*C16 -> 0
A17: 5 | D17: 0 | E17: 0 | G17: =C17*D17 -> 0 | H17: =E17*C17 -> 0
A18: 6 | D18: 0 | E18: 0 | G18: =C18*D18 -> 0 | H18: =E18*C18 -> 0
A19: 7 | D19: 0 | E19: 0 | G19: =C19*D19 -> 0 | H19: =E19*C19 -> 0
A20: 8 | D20: 0 | E20: 0 | G20: =C20*D20 -> 0 | H20: =E20*C20 -> 0
A21: 9 | D21: 0 | E21: 0 | G21: =C21*D21 -> 0 | H21: =E21*C21 -> 0
A22: 10 | D22: 0 | E22: 0 | G22: =C22*D22 -> 0 | H22: =E22*C22 -> 0
F23: TARKASTA, ETTÄ VIEREISET SUMMAT SIIRTYVÄT VÄLILEHDELLE 1: | G23: =SUM(G13:G22) -> 0 | H23: =SUM(H13:H22) -> 0
